drop table if exists t0,t1,t2,t3,t4;
drop table if exists t0,t5,t6,t7,t8,t9,t1_1,t1_2,t9_1,t9_2;
drop table if exists _84371a37_6153_11eb_9917_f875a4d24e90_20210128122816_vrepl, _vt_HOLD_6ace8bcef73211ea87e9f875a4d24e90_20200915120410, child_table, child_table_old, child_table_new;
drop table if exists parent_table, parent_table_old, parent_table_new;
CREATE TABLE parent_table (
id INT NOT NULL,
PRIMARY KEY (id)
);
CREATE TABLE child_table (
id INT NOT NULL,
parent_id INT,
PRIMARY KEY (id),
KEY parent_id_idx (parent_id),
CONSTRAINT `child_parent_fk` FOREIGN KEY (parent_id) REFERENCES parent_table(id) ON DELETE NO ACTION
);
insert into parent_table values (1), (2);
insert into child_table values (10, 1);
insert into child_table values (11, 1);
insert into child_table values (12, 2);
insert into child_table values (13, 2);
CREATE TABLE _84371a37_6153_11eb_9917_f875a4d24e90_20210128122816_vrepl (
id INT NOT NULL,
parent_id INT,
PRIMARY KEY (id),
KEY parent_id_idx (parent_id),
CONSTRAINT `new_child_parent_fk` FOREIGN KEY (parent_id) REFERENCES parent_table(id) ON DELETE NO ACTION
);
insert into _84371a37_6153_11eb_9917_f875a4d24e90_20210128122816_vrepl select * from child_table;
SET FOREIGN_KEY_CHECKS=1;
rename table child_table to _vt_HOLD_6ace8bcef73211ea87e9f875a4d24e90_20200915120410, _84371a37_6153_11eb_9917_f875a4d24e90_20210128122816_vrepl to child_table, _vt_HOLD_6ace8bcef73211ea87e9f875a4d24e90_20200915120410 to _84371a37_6153_11eb_9917_f875a4d24e90_20210128122816_vrepl;
show create table child_table;
Table	Create Table
child_table	CREATE TABLE `child_table` (
  `id` int NOT NULL,
  `parent_id` int DEFAULT NULL,
  PRIMARY KEY (`id`),
  KEY `parent_id_idx` (`parent_id`),
  CONSTRAINT `new_child_parent_fk` FOREIGN KEY (`parent_id`) REFERENCES `parent_table` (`id`)
) ENGINE=InnoDB DEFAULT CHARSET=utf8mb4 COLLATE=utf8mb4_0900_ai_ci
select * from child_table;
id	parent_id
10	1
11	1
12	2
13	2
show create table _84371a37_6153_11eb_9917_f875a4d24e90_20210128122816_vrepl;
Table	Create Table
_84371a37_6153_11eb_9917_f875a4d24e90_20210128122816_vrepl	CREATE TABLE `_84371a37_6153_11eb_9917_f875a4d24e90_20210128122816_vrepl` (
  `id` int NOT NULL,
  `parent_id` int DEFAULT NULL,
  PRIMARY KEY (`id`),
  KEY `parent_id_idx` (`parent_id`),
  CONSTRAINT `child_parent_fk` FOREIGN KEY (`parent_id`) REFERENCES `parent_table` (`id`)
) ENGINE=InnoDB DEFAULT CHARSET=utf8mb4 COLLATE=utf8mb4_0900_ai_ci
select * from _84371a37_6153_11eb_9917_f875a4d24e90_20210128122816_vrepl;
id	parent_id
10	1
11	1
12	2
13	2
delete from parent_table where id=1;
ERROR 23000: Cannot delete or update a parent row: a foreign key constraint fails (`test`.`child_table`, CONSTRAINT `new_child_parent_fk` FOREIGN KEY (`parent_id`) REFERENCES `parent_table` (`id`))
delete from child_table;
delete from parent_table where id=1;
drop table if exists _84371a37_6153_11eb_9917_f875a4d24e90_20210128122816_vrepl, _vt_HOLD_6ace8bcef73211ea87e9f875a4d24e90_20200915120410, child_table, child_table_old, child_table_new;
drop table if exists parent_table, parent_table_old, parent_table_new;
